second,quic,tcp,orbit,pep,iw,loss
1.0,4147.664231049985,2551.9991526450685,leo,1,"10,100,100,10",10^0
2.0,4902.3673109856145,2364.501816277337,leo,1,"10,100,100,10",10^0
3.0,2290.2811919675996,1386.7583962542742,leo,1,"10,100,100,10",10^0
4.0,979.1038382538877,784.6972515536968,leo,1,"10,100,100,10",10^0
5.0,399.1856856606604,548.7747924793541,leo,1,"10,100,100,10",10^0
6.0,265.96559151508166,455.84997009689675,leo,1,"10,100,100,10",10^0
7.0,209.36302694910844,486.366598481524,leo,1,"10,100,100,10",10^0
8.0,148.8187528979855,444.919594951458,leo,1,"10,100,100,10",10^0
9.0,150.16564397015227,395.84475749869404,leo,1,"10,100,100,10",10^0
10.0,206.98403127051353,417.3308338476667,leo,1,"10,100,100,10",10^0
11.0,239.2574789717525,410.2499943073677,leo,1,"10,100,100,10",10^0
12.0,352.7978690526664,396.30273400382725,leo,1,"10,100,100,10",10^0
13.0,490.26681903349237,344.20517780144405,leo,1,"10,100,100,10",10^0
14.0,441.34878185013406,349.3388946556315,leo,1,"10,100,100,10",10^0
15.0,355.25270205796795,349.2335426909645,leo,1,"10,100,100,10",10^0
16.0,224.8001828315555,266.6156506677765,leo,1,"10,100,100,10",10^0
17.0,228.46009657074256,318.5948397949012,leo,1,"10,100,100,10",10^0
18.0,176.72891940693088,325.7001966152787,leo,1,"10,100,100,10",10^0
19.0,172.32861322570233,285.180528205259,leo,1,"10,100,100,10",10^0
20.0,247.3388903324905,176.81418044288915,leo,1,"10,100,100,10",10^0
21.0,347.3986710671155,206.32349870154738,leo,1,"10,100,100,10",10^0
22.0,180.66074590329688,205.8096305972608,leo,1,"10,100,100,10",10^0
23.0,127.00831823979551,205.52559908263558,leo,1,"10,100,100,10",10^0
24.0,104.65518928016283,223.65374592443723,leo,1,"10,100,100,10",10^0
25.0,147.95304259268278,207.15050622411923,leo,1,"10,100,100,10",10^0
26.0,182.79317227480936,142.37877984848532,leo,1,"10,100,100,10",10^0
27.0,161.6148588681333,106.037329932694,leo,1,"10,100,100,10",10^0
28.0,135.27598236640554,133.06532239003803,leo,1,"10,100,100,10",10^0
29.0,167.25062075650584,170.07208873687006,leo,1,"10,100,100,10",10^0
30.0,88.78206129336928,136.99952325897473,leo,1,"10,100,100,10",10^0
1.0,1472.617576682198,917.456931060657,geo,1,"10,100,100,10",10^0
2.0,1959.7197362889901,1008.3976365793465,geo,1,"10,100,100,10",10^0
3.0,1794.4018610093085,1084.5852154575718,geo,1,"10,100,100,10",10^0
4.0,1315.366718231472,976.1195153267496,geo,1,"10,100,100,10",10^0
5.0,987.395803665055,558.797179697177,geo,1,"10,100,100,10",10^0
6.0,737.2547353331064,425.08532305851287,geo,1,"10,100,100,10",10^0
7.0,561.954151921305,306.4403288740903,geo,1,"10,100,100,10",10^0
8.0,489.112844588796,242.20556881316878,geo,1,"10,100,100,10",10^0
9.0,396.79324878931885,191.3381657371016,geo,1,"10,100,100,10",10^0
10.0,355.81645412269273,179.11565019915858,geo,1,"10,100,100,10",10^0
11.0,341.7945430043879,186.0826992147875,geo,1,"10,100,100,10",10^0
12.0,276.44731854403085,171.68111153382168,geo,1,"10,100,100,10",10^0
13.0,253.2409607840341,153.28038159345508,geo,1,"10,100,100,10",10^0
14.0,231.4748588271743,161.62687219846114,geo,1,"10,100,100,10",10^0
15.0,184.78067959651779,152.70989578293091,geo,1,"10,100,100,10",10^0
16.0,231.0263365094118,141.27841331626914,geo,1,"10,100,100,10",10^0
17.0,212.76850079152317,133.36714323819257,geo,1,"10,100,100,10",10^0
18.0,201.42720173488047,136.59294802017092,geo,1,"10,100,100,10",10^0
19.0,179.79688657042306,135.16931187294102,geo,1,"10,100,100,10",10^0
20.0,180.41489227196885,121.1674649773034,geo,1,"10,100,100,10",10^0
21.0,165.29748927449668,118.39120841510683,geo,1,"10,100,100,10",10^0
22.0,165.30065907489592,117.54082120344455,geo,1,"10,100,100,10",10^0
23.0,159.06157981376546,115.36645391860242,geo,1,"10,100,100,10",10^0
24.0,135.1048217274126,117.95877068588797,geo,1,"10,100,100,10",10^0
25.0,150.06851955825823,116.51233985595805,geo,1,"10,100,100,10",10^0
26.0,121.67750243965531,130.11128999870905,geo,1,"10,100,100,10",10^0
27.0,131.48431925637928,126.0944063155205,geo,1,"10,100,100,10",10^0
28.0,122.88509225138569,122.60445578443908,geo,1,"10,100,100,10",10^0
29.0,118.70209627171498,131.70876750704596,geo,1,"10,100,100,10",10^0
30.0,102.70587483481363,113.15657246606648,geo,1,"10,100,100,10",10^0
1.0,3223.270889848837,1278.7488044596778,geo,1,"10,100,100,10",10^-01
2.0,4329.310761807925,2837.0088069556623,geo,1,"10,100,100,10",10^-01
3.0,5330.994563485744,3561.007162067192,geo,1,"10,100,100,10",10^-01
4.0,7692.799308724617,4778.684044720672,geo,1,"10,100,100,10",10^-01
5.0,7416.506002524526,6744.5688365461365,geo,1,"10,100,100,10",10^-01
6.0,7393.374206334202,4906.047372728315,geo,1,"10,100,100,10",10^-01
7.0,5774.618906490396,3877.536757989621,geo,1,"10,100,100,10",10^-01
8.0,5136.422448385238,3037.688721969449,geo,1,"10,100,100,10",10^-01
9.0,4120.00176933623,2705.207211836448,geo,1,"10,100,100,10",10^-01
10.0,3656.709023585915,2442.9906830702394,geo,1,"10,100,100,10",10^-01
11.0,3319.9953042182706,1857.3379305796118,geo,1,"10,100,100,10",10^-01
12.0,3079.0212825912167,1698.3182326060016,geo,1,"10,100,100,10",10^-01
13.0,2654.750697811782,1415.5299419982687,geo,1,"10,100,100,10",10^-01
14.0,2403.591182904587,1239.972235684717,geo,1,"10,100,100,10",10^-01
15.0,2319.1505650836507,1210.9102757091066,geo,1,"10,100,100,10",10^-01
16.0,1949.2185938769235,1081.4730474965336,geo,1,"10,100,100,10",10^-01
17.0,1844.8331938590313,1002.7294968403584,geo,1,"10,100,100,10",10^-01
18.0,1833.8484726900613,943.6629749781711,geo,1,"10,100,100,10",10^-01
19.0,1623.5578177743832,918.1016106624613,geo,1,"10,100,100,10",10^-01
20.0,1568.9547334794843,851.5631771688315,geo,1,"10,100,100,10",10^-01
21.0,1513.0998748490076,848.5309634372736,geo,1,"10,100,100,10",10^-01
22.0,1366.6502671854096,811.8560194725397,geo,1,"10,100,100,10",10^-01
23.0,1384.7902379012064,784.9538061898596,geo,1,"10,100,100,10",10^-01
24.0,1446.0126898787455,775.3369211325187,geo,1,"10,100,100,10",10^-01
25.0,1285.8878091173408,743.4378000543677,geo,1,"10,100,100,10",10^-01
26.0,1212.7962627084125,716.3652334907504,geo,1,"10,100,100,10",10^-01
27.0,1156.0132927513084,702.8519069367333,geo,1,"10,100,100,10",10^-01
28.0,1108.2901785194074,684.541434192942,geo,1,"10,100,100,10",10^-01
29.0,1086.5749317320922,706.3658007919457,geo,1,"10,100,100,10",10^-01
30.0,1061.7181306123025,697.4565921749424,geo,1,"10,100,100,10",10^-01
1.0,390.7269322937575,486.397417051034,geo,0,"10,10,10,10",10^0
2.0,844.9258331584039,481.7174649722798,geo,0,"10,10,10,10",10^0
3.0,558.2801618418438,576.5132614471869,geo,0,"10,10,10,10",10^0
4.0,809.1546061303685,793.1950043108237,geo,0,"10,10,10,10",10^0
5.0,439.120353295581,546.8179665990993,geo,0,"10,10,10,10",10^0
6.0,455.409258377316,354.6405933079626,geo,0,"10,10,10,10",10^0
7.0,419.8699188725787,319.0115529752446,geo,0,"10,10,10,10",10^0
8.0,217.58451658189514,223.10082553164267,geo,0,"10,10,10,10",10^0
9.0,335.35712620024805,247.9160500176185,geo,0,"10,10,10,10",10^0
10.0,266.9913046251149,177.0532384640823,geo,0,"10,10,10,10",10^0
11.0,194.178408917436,171.22079413426954,geo,0,"10,10,10,10",10^0
12.0,247.00843364046017,170.87937735668993,geo,0,"10,10,10,10",10^0
13.0,214.08799752109454,135.44484655632004,geo,0,"10,10,10,10",10^0
14.0,172.36713081631126,150.30742212385871,geo,0,"10,10,10,10",10^0
15.0,209.62652117690027,129.62112491343123,geo,0,"10,10,10,10",10^0
16.0,186.088231415425,138.53864903639914,geo,0,"10,10,10,10",10^0
17.0,202.5797739615518,138.78720310313662,geo,0,"10,10,10,10",10^0
18.0,206.46626427989827,115.02273150591579,geo,0,"10,10,10,10",10^0
19.0,161.79628576882354,122.83902343766914,geo,0,"10,10,10,10",10^0
20.0,180.96075003020042,123.42253283552276,geo,0,"10,10,10,10",10^0
21.0,195.90832898899777,127.85613673919137,geo,0,"10,10,10,10",10^0
22.0,162.87682081984195,126.89209858241513,geo,0,"10,10,10,10",10^0
23.0,181.33305492350328,122.34643183450113,geo,0,"10,10,10,10",10^0
24.0,182.31186809885497,125.0585216369354,geo,0,"10,10,10,10",10^0
25.0,158.12665849170853,132.7237693833598,geo,0,"10,10,10,10",10^0
26.0,186.64539104519727,126.35376145766156,geo,0,"10,10,10,10",10^0
27.0,167.45752772366637,118.38400142365586,geo,0,"10,10,10,10",10^0
28.0,163.8435497054173,125.68385584673256,geo,0,"10,10,10,10",10^0
29.0,183.0570637245634,130.3184627749517,geo,0,"10,10,10,10",10^0
30.0,167.62615330550233,129.2833514155665,geo,0,"10,10,10,10",10^0
1.0,6324.387638302901,3809.8235658819854,leo,0,"10,10,10,10",10^-01
2.0,12002.284274474741,6682.592617765361,leo,0,"10,10,10,10",10^-01
3.0,10861.778242881055,9673.102938283766,leo,0,"10,10,10,10",10^-01
4.0,9497.347622224832,10060.856125985403,leo,0,"10,10,10,10",10^-01
5.0,7911.96621243074,8114.546642830151,leo,0,"10,10,10,10",10^-01
6.0,6804.08684038355,5701.819861714995,leo,0,"10,10,10,10",10^-01
7.0,5899.5306338993305,4579.987997428245,leo,0,"10,10,10,10",10^-01
8.0,5295.218947482842,3910.6039680578015,leo,0,"10,10,10,10",10^-01
9.0,4850.497882191464,3250.0072126002033,leo,0,"10,10,10,10",10^-01
10.0,4532.056861587872,2975.7546158888845,leo,0,"10,10,10,10",10^-01
11.0,4139.172581992286,2689.0817925432452,leo,0,"10,10,10,10",10^-01
12.0,3766.0584340415694,2680.1451671624022,leo,0,"10,10,10,10",10^-01
13.0,3579.120101360374,2529.0082565215166,leo,0,"10,10,10,10",10^-01
14.0,3381.7744495524894,2446.206581220832,leo,0,"10,10,10,10",10^-01
15.0,3137.958313893653,2360.20429853517,leo,0,"10,10,10,10",10^-01
16.0,3089.1457616448097,2457.9673878472,leo,0,"10,10,10,10",10^-01
17.0,3111.552622193885,2434.98201527604,leo,0,"10,10,10,10",10^-01
18.0,3124.084641141069,2430.1435416833733,leo,0,"10,10,10,10",10^-01
19.0,3133.2995404694398,2475.2404387436804,leo,0,"10,10,10,10",10^-01
20.0,3120.953845418633,2468.4937755187825,leo,0,"10,10,10,10",10^-01
21.0,3097.249478173492,2409.5230242954085,leo,0,"10,10,10,10",10^-01
22.0,3129.945122939042,2417.904389299907,leo,0,"10,10,10,10",10^-01
23.0,3070.5540136216273,2494.814881151367,leo,0,"10,10,10,10",10^-01
24.0,3092.2405221535287,2466.803620003844,leo,0,"10,10,10,10",10^-01
25.0,3072.7256719749084,2353.656348218988,leo,0,"10,10,10,10",10^-01
26.0,3144.212656873052,2364.3027860619395,leo,0,"10,10,10,10",10^-01
27.0,3057.2737149216814,2411.225792769029,leo,0,"10,10,10,10",10^-01
28.0,3046.2397128696757,2462.937020500779,leo,0,"10,10,10,10",10^-01
29.0,3089.6797005669923,2465.9985205646326,leo,0,"10,10,10,10",10^-01
30.0,3038.406128140176,2396.0741990870742,leo,0,"10,10,10,10",10^-01
1.0,7604.937035900731,4187.672225628598,leo,0,"10,10,10,10",10^-02
2.0,17387.45857886745,9521.784946815269,leo,0,"10,10,10,10",10^-02
3.0,17195.800423495628,15567.879793184964,leo,0,"10,10,10,10",10^-02
4.0,17132.095824092336,16689.294509599447,leo,0,"10,10,10,10",10^-02
5.0,17068.00227971642,15389.104024473843,leo,0,"10,10,10,10",10^-02
6.0,17057.331642942932,17559.137430249677,leo,0,"10,10,10,10",10^-02
7.0,16927.10938881614,16939.98921903352,leo,0,"10,10,10,10",10^-02
8.0,17042.645610344625,16553.569169966973,leo,0,"10,10,10,10",10^-02
9.0,16971.15200969616,16390.73416070349,leo,0,"10,10,10,10",10^-02
10.0,16966.28229440448,16997.776664463654,leo,0,"10,10,10,10",10^-02
11.0,17153.29091197708,16284.188590089077,leo,0,"10,10,10,10",10^-02
12.0,16927.827426028824,15899.792138200795,leo,0,"10,10,10,10",10^-02
13.0,16933.327462511472,16089.301945251878,leo,0,"10,10,10,10",10^-02
14.0,16897.88384554457,15823.872366821332,leo,0,"10,10,10,10",10^-02
15.0,16941.097219493473,15490.628851884503,leo,0,"10,10,10,10",10^-02
16.0,16898.855847494036,14723.681800028935,leo,0,"10,10,10,10",10^-02
17.0,16807.54390885567,14997.417356240645,leo,0,"10,10,10,10",10^-02
18.0,16776.463911386923,14499.653785262757,leo,0,"10,10,10,10",10^-02
19.0,16642.16547165258,13994.034852200757,leo,0,"10,10,10,10",10^-02
20.0,16368.1572478374,13634.81238339696,leo,0,"10,10,10,10",10^-02
21.0,16387.75061677812,12887.00735570359,leo,0,"10,10,10,10",10^-02
22.0,16283.742974172854,12780.15570432275,leo,0,"10,10,10,10",10^-02
23.0,16261.681021662476,12733.65720493986,leo,0,"10,10,10,10",10^-02
24.0,16378.029998169995,12448.881366935331,leo,0,"10,10,10,10",10^-02
25.0,16079.525595220566,12090.354475647493,leo,0,"10,10,10,10",10^-02
26.0,16028.401290078544,11957.10786192707,leo,0,"10,10,10,10",10^-02
27.0,15925.651091357178,11640.137775121908,leo,0,"10,10,10,10",10^-02
28.0,15849.536956995888,11674.626841546571,leo,0,"10,10,10,10",10^-02
29.0,15773.21116867368,11242.708916722071,leo,0,"10,10,10,10",10^-02
30.0,15558.312191710967,10978.5387707057,leo,0,"10,10,10,10",10^-02
1.0,7964.329262689267,4292.328787591491,leo,0,"10,10,10,10",0
2.0,17883.010939899614,9739.51165860116,leo,0,"10,10,10,10",0
3.0,17885.89471195034,18011.43210511957,leo,0,"10,10,10,10",0
4.0,17885.815216558087,18039.67153744846,leo,0,"10,10,10,10",0
5.0,17885.292187197014,18038.356412431123,leo,0,"10,10,10,10",0
6.0,18375.07073507737,18003.94117517914,leo,0,"10,10,10,10",0
7.0,17751.342861470184,17921.943398924213,leo,0,"10,10,10,10",0
8.0,17861.648005215087,18011.368341626778,leo,0,"10,10,10,10",0
9.0,17886.537490071292,18035.141350869788,leo,0,"10,10,10,10",0
10.0,17887.223565392935,18044.270878961917,leo,0,"10,10,10,10",0
11.0,17880.936089399776,18033.270577707433,leo,0,"10,10,10,10",0
12.0,18321.372553465117,18028.336120645825,leo,0,"10,10,10,10",0
13.0,19746.46907429614,17975.271158414875,leo,0,"10,10,10,10",0
14.0,19196.519578457413,17943.758960158775,leo,0,"10,10,10,10",0
15.0,18726.101193575218,18031.37437782101,leo,0,"10,10,10,10",0
16.0,17872.17715661842,18031.951864909886,leo,0,"10,10,10,10",0
17.0,17869.079115258966,18037.994855578007,leo,0,"10,10,10,10",0
18.0,21661.805617132362,18039.872745084853,leo,0,"10,10,10,10",0
19.0,23062.45210165097,18003.900022562306,leo,0,"10,10,10,10",0
20.0,20982.584650072393,17965.21559405454,leo,0,"10,10,10,10",0
21.0,22039.87425739579,17971.94733659475,leo,0,"10,10,10,10",0
22.0,18617.43807260547,18039.024986269455,leo,0,"10,10,10,10",0
23.0,17861.50057834876,18033.227921224257,leo,0,"10,10,10,10",0
24.0,17839.91733372504,18041.093411272785,leo,0,"10,10,10,10",0
25.0,17850.79329883759,18016.841772751584,leo,0,"10,10,10,10",0
26.0,18419.682968969777,17993.030394316433,leo,0,"10,10,10,10",0
27.0,19657.98686109581,17962.894117217802,leo,0,"10,10,10,10",0
28.0,17771.60491889688,18010.541899639476,leo,0,"10,10,10,10",0
29.0,17820.134318233202,18030.827091814892,leo,0,"10,10,10,10",0
30.0,18099.09721064311,18036.277500575135,leo,0,"10,10,10,10",0
1.0,6878.547476577967,4897.272645740208,leo,1,"10,100,100,10",10^-01
2.0,11861.56757397914,8667.10701472341,leo,1,"10,100,100,10",10^-01
3.0,14939.316581313737,9698.623298508839,leo,1,"10,100,100,10",10^-01
4.0,12669.26122044704,11829.651036741354,leo,1,"10,100,100,10",10^-01
5.0,11037.523624739446,8157.601342546918,leo,1,"10,100,100,10",10^-01
6.0,10124.974931845263,6879.155261536353,leo,1,"10,100,100,10",10^-01
7.0,9097.488855708636,5762.408820153873,leo,1,"10,100,100,10",10^-01
8.0,8038.15080025399,5751.016739342513,leo,1,"10,100,100,10",10^-01
9.0,6964.798545433899,5532.0630435450885,leo,1,"10,100,100,10",10^-01
10.0,6224.012896041979,5280.428098820148,leo,1,"10,100,100,10",10^-01
11.0,5742.424689610597,5046.442570857486,leo,1,"10,100,100,10",10^-01
12.0,5421.120678342239,5050.518708926838,leo,1,"10,100,100,10",10^-01
13.0,5421.894597490373,5186.60189448152,leo,1,"10,100,100,10",10^-01
14.0,5303.779135969215,4945.745023326384,leo,1,"10,100,100,10",10^-01
15.0,5114.354278220781,5074.621527082614,leo,1,"10,100,100,10",10^-01
16.0,5555.230345394774,5043.855705072059,leo,1,"10,100,100,10",10^-01
17.0,5300.627629554545,4938.858117891157,leo,1,"10,100,100,10",10^-01
18.0,5033.819177652932,4828.105430720465,leo,1,"10,100,100,10",10^-01
19.0,5008.850236892463,4729.141130127908,leo,1,"10,100,100,10",10^-01
20.0,5096.746303715105,4721.437256912732,leo,1,"10,100,100,10",10^-01
21.0,5067.9314691396885,5020.906860207319,leo,1,"10,100,100,10",10^-01
22.0,5207.160682400659,5113.513718192276,leo,1,"10,100,100,10",10^-01
23.0,4979.46573167684,4915.987224518358,leo,1,"10,100,100,10",10^-01
24.0,4835.38173369986,5179.247992568492,leo,1,"10,100,100,10",10^-01
25.0,5605.235512012512,4967.910233714862,leo,1,"10,100,100,10",10^-01
26.0,5213.899022797985,5114.757237162387,leo,1,"10,100,100,10",10^-01
27.0,4826.025612427567,5044.516678700751,leo,1,"10,100,100,10",10^-01
28.0,4454.655294913844,5121.895455199541,leo,1,"10,100,100,10",10^-01
29.0,4541.553531279047,5295.416430527563,leo,1,"10,100,100,10",10^-01
30.0,4333.165165146335,5441.386130617636,leo,1,"10,100,100,10",10^-01
1.0,407.9345651289128,606.5284132046153,geo,0,"10,10,10,10",10^-01
2.0,1397.4533658490748,947.8461342852817,geo,0,"10,10,10,10",10^-01
3.0,1846.366417614629,1749.54839835019,geo,0,"10,10,10,10",10^-01
4.0,6146.1349855225435,3333.7689685393607,geo,0,"10,10,10,10",10^-01
5.0,6558.317437074225,4277.649617186184,geo,0,"10,10,10,10",10^-01
6.0,7590.677595755474,4425.3823345511055,geo,0,"10,10,10,10",10^-01
7.0,6079.477219376784,5657.562427116391,geo,0,"10,10,10,10",10^-01
8.0,5546.16017367634,3855.074259373228,geo,0,"10,10,10,10",10^-01
9.0,5017.610156084434,3054.3872028069795,geo,0,"10,10,10,10",10^-01
10.0,4135.2919758724,2523.539669807359,geo,0,"10,10,10,10",10^-01
11.0,3715.408598463367,2302.355730576629,geo,0,"10,10,10,10",10^-01
12.0,3109.2560915901563,1922.4781793242703,geo,0,"10,10,10,10",10^-01
13.0,2674.71648552035,1608.3324907549274,geo,0,"10,10,10,10",10^-01
14.0,2532.4076760909497,1279.7845378173206,geo,0,"10,10,10,10",10^-01
15.0,2032.5746033247422,1206.0105993726124,geo,0,"10,10,10,10",10^-01
16.0,2011.185007814575,1085.666374698179,geo,0,"10,10,10,10",10^-01
17.0,1766.620930464552,1022.3019304187214,geo,0,"10,10,10,10",10^-01
18.0,1642.5047619376064,958.4778245491511,geo,0,"10,10,10,10",10^-01
19.0,1586.7122811742836,901.674780666267,geo,0,"10,10,10,10",10^-01
20.0,1478.3954507311626,840.056002915435,geo,0,"10,10,10,10",10^-01
21.0,1459.7527845743728,827.2829325608519,geo,0,"10,10,10,10",10^-01
22.0,1375.8818849446827,774.23739046968,geo,0,"10,10,10,10",10^-01
23.0,1292.0961698006656,750.0292342476812,geo,0,"10,10,10,10",10^-01
24.0,1248.1697382602938,723.3797563238948,geo,0,"10,10,10,10",10^-01
25.0,1170.8061843625073,725.553005871942,geo,0,"10,10,10,10",10^-01
26.0,1154.7244721263132,728.4133533983421,geo,0,"10,10,10,10",10^-01
27.0,1143.2296845276935,735.1532212716286,geo,0,"10,10,10,10",10^-01
28.0,1071.151503528422,696.4280873633088,geo,0,"10,10,10,10",10^-01
29.0,1097.110440469948,705.3516274690346,geo,0,"10,10,10,10",10^-01
30.0,1026.1547262061226,654.0833277174557,geo,0,"10,10,10,10",10^-01
1.0,8764.19210797733,6146.705809120564,leo,1,"10,100,100,10",0
2.0,16613.64280245363,13498.18871001846,leo,1,"10,100,100,10",0
3.0,16313.121252556133,18037.74603221694,leo,1,"10,100,100,10",0
4.0,16699.66503285818,18046.010709400984,leo,1,"10,100,100,10",0
5.0,17120.005199103616,18030.21762162707,leo,1,"10,100,100,10",0
6.0,17087.008818793263,17981.120642631176,leo,1,"10,100,100,10",0
7.0,16789.73277530722,17938.05175825215,leo,1,"10,100,100,10",0
8.0,17020.228608909427,18018.813538991664,leo,1,"10,100,100,10",0
9.0,17258.10712543438,18043.481952489416,leo,1,"10,100,100,10",0
10.0,17324.318932568774,18030.96514466126,leo,1,"10,100,100,10",0
11.0,17440.60368339481,18030.119041564314,leo,1,"10,100,100,10",0
12.0,18143.370541621534,18009.41909306547,leo,1,"10,100,100,10",0
13.0,17498.60045018052,17941.22913115447,leo,1,"10,100,100,10",0
14.0,17435.524014537415,17990.387607877423,leo,1,"10,100,100,10",0
15.0,17333.90881138329,18033.528305361076,leo,1,"10,100,100,10",0
16.0,17224.752413781393,18038.73645837411,leo,1,"10,100,100,10",0
17.0,17213.647702839786,18034.54650665582,leo,1,"10,100,100,10",0
18.0,18329.020984098865,18009.521444592032,leo,1,"10,100,100,10",0
19.0,17761.955460141842,17986.641100970046,leo,1,"10,100,100,10",0
20.0,17578.74501268315,17965.9326044075,leo,1,"10,100,100,10",0
21.0,17525.946287193667,18020.626499770682,leo,1,"10,100,100,10",0
22.0,17208.20322925756,18040.168854119765,leo,1,"10,100,100,10",0
23.0,17919.993526344475,18029.07483715961,leo,1,"10,100,100,10",0
24.0,18287.39622102821,18014.606262244128,leo,1,"10,100,100,10",0
25.0,17234.75989002614,18009.447163930512,leo,1,"10,100,100,10",0
26.0,17138.215766469795,17967.701451772373,leo,1,"10,100,100,10",0
27.0,17185.078834937704,18002.620385339305,leo,1,"10,100,100,10",0
28.0,17323.681079592137,18027.752919005405,leo,1,"10,100,100,10",0
29.0,17289.215862061432,18033.68608515368,leo,1,"10,100,100,10",0
30.0,17291.525380359133,18021.843382993593,leo,1,"10,100,100,10",0
1.0,2381.6539362648246,1787.4222616434263,leo,0,"10,10,10,10",10^0
2.0,1681.092182496528,1740.5612643588893,leo,0,"10,10,10,10",10^0
3.0,1178.3358661616467,827.301566683438,leo,0,"10,10,10,10",10^0
4.0,930.9798175706461,623.291734040969,leo,0,"10,10,10,10",10^0
5.0,739.2771630167441,517.963855973214,leo,0,"10,10,10,10",10^0
6.0,697.2101758925047,426.42019367053445,leo,0,"10,10,10,10",10^0
7.0,610.225975646878,441.35958351657814,leo,0,"10,10,10,10",10^0
8.0,579.7952667786298,416.5867968874641,leo,0,"10,10,10,10",10^0
9.0,561.2794641093717,355.7128201750013,leo,0,"10,10,10,10",10^0
10.0,492.7634049472649,321.20952272110185,leo,0,"10,10,10,10",10^0
11.0,465.3142505899072,287.3773136624745,leo,0,"10,10,10,10",10^0
12.0,448.72866702823296,301.1795065223008,leo,0,"10,10,10,10",10^0
13.0,489.6308971483015,280.70230150259965,leo,0,"10,10,10,10",10^0
14.0,563.783237237608,327.1999529180598,leo,0,"10,10,10,10",10^0
15.0,542.3591760837542,323.4630595781534,leo,0,"10,10,10,10",10^0
16.0,518.8106921589447,330.7142603369961,leo,0,"10,10,10,10",10^0
17.0,531.5972515458088,325.73738581332367,leo,0,"10,10,10,10",10^0
18.0,576.8661486003754,297.56139901255864,leo,0,"10,10,10,10",10^0
19.0,559.0342112089481,251.50747464585575,leo,0,"10,10,10,10",10^0
20.0,609.8342223741462,262.71883411554325,leo,0,"10,10,10,10",10^0
21.0,534.720852336392,288.2509435796522,leo,0,"10,10,10,10",10^0
22.0,540.8575169702998,340.0450993295622,leo,0,"10,10,10,10",10^0
23.0,514.3565107229772,235.85154298230128,leo,0,"10,10,10,10",10^0
24.0,482.8600467708287,223.36977374344085,leo,0,"10,10,10,10",10^0
25.0,485.3621887578841,264.4215746177334,leo,0,"10,10,10,10",10^0
26.0,437.1145709830063,209.36828903551566,leo,0,"10,10,10,10",10^0
27.0,463.91931405903944,161.08114419270697,leo,0,"10,10,10,10",10^0
28.0,435.56600486110653,140.05564563066523,leo,0,"10,10,10,10",10^0
29.0,431.6526206561774,191.79365398189898,leo,0,"10,10,10,10",10^0
30.0,482.88896713182237,181.25683898766968,leo,0,"10,10,10,10",10^0
1.0,3632.8018190885955,1319.7379093590598,geo,1,"10,100,100,10",10^-02
2.0,7060.914345630997,3479.1493428561034,geo,1,"10,100,100,10",10^-02
3.0,9697.412256758636,5583.319666898668,geo,1,"10,100,100,10",10^-02
4.0,14342.537634998134,9355.0917282336,geo,1,"10,100,100,10",10^-02
5.0,16110.86624730243,14439.22279544448,geo,1,"10,100,100,10",10^-02
6.0,14837.389474190248,14694.3760708711,geo,1,"10,100,100,10",10^-02
7.0,15202.291187852958,13918.533013870101,geo,1,"10,100,100,10",10^-02
8.0,17903.274617914587,13021.525495055059,geo,1,"10,100,100,10",10^-02
9.0,16764.02966926025,13259.696807080863,geo,1,"10,100,100,10",10^-02
10.0,13605.277352072373,13051.232574591579,geo,1,"10,100,100,10",10^-02
11.0,15013.126089942636,11930.442805880428,geo,1,"10,100,100,10",10^-02
12.0,13735.283866281621,12140.066840631534,geo,1,"10,100,100,10",10^-02
13.0,15652.669394873836,11963.373039398033,geo,1,"10,100,100,10",10^-02
14.0,15247.798296887035,11805.824449729245,geo,1,"10,100,100,10",10^-02
15.0,15013.239457958156,11256.816418437405,geo,1,"10,100,100,10",10^-02
16.0,14400.31045649098,10773.251477870583,geo,1,"10,100,100,10",10^-02
17.0,15658.783134959549,11092.95382922031,geo,1,"10,100,100,10",10^-02
18.0,15586.913492053236,10765.956738353736,geo,1,"10,100,100,10",10^-02
19.0,15777.843761525392,10373.470812022211,geo,1,"10,100,100,10",10^-02
20.0,13251.517581642926,9866.062380341813,geo,1,"10,100,100,10",10^-02
21.0,15702.978071747179,9354.682338471797,geo,1,"10,100,100,10",10^-02
22.0,13913.57705788012,9737.729582135951,geo,1,"10,100,100,10",10^-02
23.0,13933.697255456136,9233.642185590179,geo,1,"10,100,100,10",10^-02
24.0,15646.141317206515,8811.291561686177,geo,1,"10,100,100,10",10^-02
25.0,13325.696307908516,8333.940416208348,geo,1,"10,100,100,10",10^-02
26.0,14547.503648116754,8027.003496392591,geo,1,"10,100,100,10",10^-02
27.0,14456.701056936812,7778.397603888031,geo,1,"10,100,100,10",10^-02
28.0,13521.334536048527,7420.856689677918,geo,1,"10,100,100,10",10^-02
29.0,11838.442853351122,6768.455837858782,geo,1,"10,100,100,10",10^-02
30.0,13218.204313438164,6779.399332755112,geo,1,"10,100,100,10",10^-02
1.0,416.1025835680414,623.1768148097788,geo,0,"10,10,10,10",0
2.0,1499.7671891026998,1025.2443289891253,geo,0,"10,10,10,10",0
3.0,2094.4326532750833,2141.771404447826,geo,0,"10,10,10,10",0
4.0,8455.793089395303,5502.609804186841,geo,0,"10,10,10,10",0
5.0,15183.95693090781,9155.769576576988,geo,0,"10,10,10,10",0
6.0,17903.645965748718,14601.551959979863,geo,0,"10,10,10,10",0
7.0,17867.95358317495,17854.010963151064,geo,0,"10,10,10,10",0
8.0,17891.744925955245,18028.74294659169,geo,0,"10,10,10,10",0
9.0,17888.102197839853,18046.14945788915,geo,0,"10,10,10,10",0
10.0,17876.232444497466,18034.678372929706,geo,0,"10,10,10,10",0
11.0,8373.854283892784,18039.896544699073,geo,0,"10,10,10,10",0
12.0,17609.89924266411,18039.846580429126,geo,0,"10,10,10,10",0
13.0,12523.021510431405,18037.001947965724,geo,0,"10,10,10,10",0
14.0,5955.376997555776,18038.852815647264,geo,0,"10,10,10,10",0
15.0,15149.970208406774,18033.768375881307,geo,0,"10,10,10,10",0
16.0,14443.17169676521,18033.797945954397,geo,0,"10,10,10,10",0
17.0,17609.05015889145,18026.601581277908,geo,0,"10,10,10,10",0
18.0,15570.39247231204,17966.493523563055,geo,0,"10,10,10,10",0
19.0,15368.85397080056,17994.100901479735,geo,0,"10,10,10,10",0
20.0,16483.114601351408,18004.088798464792,geo,0,"10,10,10,10",0
21.0,14876.985637295887,18017.833310880585,geo,0,"10,10,10,10",0
22.0,14589.484726964554,18037.476894746767,geo,0,"10,10,10,10",0
23.0,16389.6182561775,18031.40104084077,geo,0,"10,10,10,10",0
24.0,14978.122016811874,18054.64863188203,geo,0,"10,10,10,10",0
25.0,17188.40908998566,18030.15775112951,geo,0,"10,10,10,10",0
26.0,13851.632166311765,18037.113195626753,geo,0,"10,10,10,10",0
27.0,13401.446617983847,18046.497111457644,geo,0,"10,10,10,10",0
28.0,15579.823819847967,18026.014871646377,geo,0,"10,10,10,10",0
29.0,13650.496857378308,18042.84237394678,geo,0,"10,10,10,10",0
30.0,14933.538697803991,18041.908755685938,geo,0,"10,10,10,10",0
1.0,417.70206219941355,608.071603304843,geo,0,"10,10,10,10",10^-02
2.0,1525.513356228736,992.7719895662215,geo,0,"10,10,10,10",10^-02
3.0,1999.4182532432328,2147.657031420475,geo,0,"10,10,10,10",10^-02
4.0,8186.1438352335545,5318.133148341899,geo,0,"10,10,10,10",10^-02
5.0,13485.445721763881,8111.700429012251,geo,0,"10,10,10,10",10^-02
6.0,15883.61240254238,12979.269702066125,geo,0,"10,10,10,10",10^-02
7.0,15556.943041309962,13403.798593644657,geo,0,"10,10,10,10",10^-02
8.0,15530.136257490818,14198.414614056566,geo,0,"10,10,10,10",10^-02
9.0,15276.715493739977,13592.933009225919,geo,0,"10,10,10,10",10^-02
10.0,15204.97845629649,13550.071653361305,geo,0,"10,10,10,10",10^-02
11.0,11477.197173844555,12093.967323897454,geo,0,"10,10,10,10",10^-02
12.0,14233.477404257399,12731.439913351676,geo,0,"10,10,10,10",10^-02
13.0,12035.492978027347,12344.425937461492,geo,0,"10,10,10,10",10^-02
14.0,11142.820559078738,12609.161361419316,geo,0,"10,10,10,10",10^-02
15.0,12940.513754924244,11795.309414585938,geo,0,"10,10,10,10",10^-02
16.0,13475.810278651656,11767.1754790535,geo,0,"10,10,10,10",10^-02
17.0,13618.257312654492,12002.570426365697,geo,0,"10,10,10,10",10^-02
18.0,13306.009346801453,11214.411081897777,geo,0,"10,10,10,10",10^-02
19.0,12276.9954916504,11282.017652365244,geo,0,"10,10,10,10",10^-02
20.0,12938.302991820858,10634.173886004202,geo,0,"10,10,10,10",10^-02
21.0,12205.417738755856,10056.716145259834,geo,0,"10,10,10,10",10^-02
22.0,11895.78911634338,9698.103128373192,geo,0,"10,10,10,10",10^-02
23.0,12420.150631260609,9434.028021023201,geo,0,"10,10,10,10",10^-02
24.0,11115.45920015077,8337.410559715616,geo,0,"10,10,10,10",10^-02
25.0,11776.5098257901,8581.614660149797,geo,0,"10,10,10,10",10^-02
26.0,11082.437010132868,7224.7589206992125,geo,0,"10,10,10,10",10^-02
27.0,10407.073766985106,7542.772110112293,geo,0,"10,10,10,10",10^-02
28.0,10322.552604926035,6261.130113087923,geo,0,"10,10,10,10",10^-02
29.0,9635.272553682813,6432.562152183165,geo,0,"10,10,10,10",10^-02
30.0,10726.853530179558,5705.593320545114,geo,0,"10,10,10,10",10^-02
1.0,8606.941442231668,6069.006538030007,leo,1,"10,100,100,10",10^-02
2.0,15372.024887330106,12413.313327100586,leo,1,"10,100,100,10",10^-02
3.0,16688.520100412792,15328.431580294726,leo,1,"10,100,100,10",10^-02
4.0,15625.363586002508,17777.4114437205,leo,1,"10,100,100,10",10^-02
5.0,15837.713638712843,18067.721214282723,leo,1,"10,100,100,10",10^-02
6.0,16245.36318751839,17323.995123019304,leo,1,"10,100,100,10",10^-02
7.0,15693.845667930773,17590.781944476264,leo,1,"10,100,100,10",10^-02
8.0,15722.12673065625,17058.28380430751,leo,1,"10,100,100,10",10^-02
9.0,16053.545983196547,18066.151763957347,leo,1,"10,100,100,10",10^-02
10.0,16083.568806411255,16494.615520407868,leo,1,"10,100,100,10",10^-02
11.0,15974.721380292456,18510.98605051493,leo,1,"10,100,100,10",10^-02
12.0,15997.358319212968,17242.438869567148,leo,1,"10,100,100,10",10^-02
13.0,16315.605944937643,18187.155657358602,leo,1,"10,100,100,10",10^-02
14.0,16396.460767759665,16912.88226225332,leo,1,"10,100,100,10",10^-02
15.0,16218.69763391424,17021.5296887211,leo,1,"10,100,100,10",10^-02
16.0,16168.736093188292,16949.049043163548,leo,1,"10,100,100,10",10^-02
17.0,17004.36988188598,17107.56837317113,leo,1,"10,100,100,10",10^-02
18.0,17778.098181415357,16587.296712476476,leo,1,"10,100,100,10",10^-02
19.0,17307.135631684898,16565.710998140275,leo,1,"10,100,100,10",10^-02
20.0,18281.092876170027,16523.369271625405,leo,1,"10,100,100,10",10^-02
21.0,16999.000417689494,15922.767534901317,leo,1,"10,100,100,10",10^-02
22.0,16342.397312851284,15553.09979423514,leo,1,"10,100,100,10",10^-02
23.0,16711.830583063285,15063.706601639606,leo,1,"10,100,100,10",10^-02
24.0,18126.60839027788,15133.909373918128,leo,1,"10,100,100,10",10^-02
25.0,17587.613030458317,15338.81413974806,leo,1,"10,100,100,10",10^-02
26.0,17955.096158603228,15316.07694062161,leo,1,"10,100,100,10",10^-02
27.0,16418.87273091066,15687.513388243031,leo,1,"10,100,100,10",10^-02
28.0,15852.534821935396,15594.070188534775,leo,1,"10,100,100,10",10^-02
29.0,16368.290759772543,15494.709625623631,leo,1,"10,100,100,10",10^-02
30.0,16186.339092589918,15068.63779319686,leo,1,"10,100,100,10",10^-02
1.0,3673.3209651225625,1325.1415583076769,geo,1,"10,100,100,10",0
2.0,7313.323083557627,3567.9539605985838,geo,1,"10,100,100,10",0
3.0,11224.933971682114,6073.119222599484,geo,1,"10,100,100,10",0
4.0,17891.995450200866,10453.309996251794,geo,1,"10,100,100,10",0
5.0,17898.379911852666,18027.639660780867,geo,1,"10,100,100,10",0
6.0,17977.460483872874,18042.190558823186,geo,1,"10,100,100,10",0
7.0,17877.909092966802,18038.76287093204,geo,1,"10,100,100,10",0
8.0,17655.90528632296,18031.45211707868,geo,1,"10,100,100,10",0
9.0,17345.65304089516,18039.451617359267,geo,1,"10,100,100,10",0
10.0,17340.955343960544,18045.79078345026,geo,1,"10,100,100,10",0
11.0,17287.847744910752,18032.882322901183,geo,1,"10,100,100,10",0
12.0,17233.38079673172,18043.523495073343,geo,1,"10,100,100,10",0
13.0,17933.993118398175,18037.10599655256,geo,1,"10,100,100,10",0
14.0,17301.865578676046,18033.66619858354,geo,1,"10,100,100,10",0
15.0,17383.453740477613,18043.477938643657,geo,1,"10,100,100,10",0
16.0,17347.52249293088,18025.640488110843,geo,1,"10,100,100,10",0
17.0,17175.331662107612,17978.439869823265,geo,1,"10,100,100,10",0
18.0,17099.0698262935,18002.509583659023,geo,1,"10,100,100,10",0
19.0,17630.270151074517,17980.043651079242,geo,1,"10,100,100,10",0
20.0,16942.538008038922,18025.079768793716,geo,1,"10,100,100,10",0
21.0,16798.311255828285,18035.690535389796,geo,1,"10,100,100,10",0
22.0,17841.863484932874,18027.49844388089,geo,1,"10,100,100,10",0
23.0,18848.16826661423,18037.336884515007,geo,1,"10,100,100,10",0
24.0,17058.26184513188,18041.582463809653,geo,1,"10,100,100,10",0
25.0,17012.082353336846,18039.298110461546,geo,1,"10,100,100,10",0
26.0,16791.81251055119,18036.353005291297,geo,1,"10,100,100,10",0
27.0,16743.231290687334,18037.435410600665,geo,1,"10,100,100,10",0
28.0,17796.335570147232,18033.151573206833,geo,1,"10,100,100,10",0
29.0,18063.86534848157,18048.593559315217,geo,1,"10,100,100,10",0
30.0,18021.45587747915,18026.583727031462,geo,1,"10,100,100,10",0
